﻿<?xml version="1.0" encoding="utf-8" standalone="yes"?>
<AssemblySortForCompilOrObfusk>
  <Assembly Assembly="Ploeh.Samples.Commerce.Domain">3</Assembly>
  <Assembly Assembly="Ploeh.Samples.Commerce.Data.Sql">12</Assembly>
  <Assembly Assembly="Ploeh.Samples.Commerce.Web.PresentationModel">14</Assembly>
  <Assembly Assembly="Ploeh.Samples.Commerce.Web">15</Assembly>
  <Assembly Assembly="Ploeh.Samples.Commerce.WebPresentationModelUnitTest">19</Assembly>
  <Assembly Assembly="Ploeh.Samples.Commerce.DomainUnitTest">20</Assembly>
</AssemblySortForCompilOrObfusk>