<?xml version="1.0"?>
<doc>
    <assembly>
        <name>Ploeh.SemanticComparison</name>
    </assembly>
    <members>
        <member name="T:Ploeh.SemanticComparison.Fluent.LikenessSource`1">
            <summary>
            Defines the source-side of a <see cref="T:Ploeh.SemanticComparison.Likeness`2"/>.
            </summary>
            <typeparam name="TSource">The type of the source value.</typeparam>
        </member>
        <member name="M:Ploeh.SemanticComparison.Fluent.LikenessSource`1.#ctor(`0)">
            <summary>
            Intializes a new instance of the <see cref="T:Ploeh.SemanticComparison.Fluent.LikenessSource`1"/> class with the supplied
            value.
            </summary>
            <param name="value">The source value.</param>
        </member>
        <member name="M:Ploeh.SemanticComparison.Fluent.LikenessSource`1.OfLikeness``1">
            <summary>
            Creates a <see cref="T:Ploeh.SemanticComparison.Likeness`2"/> instance.
            </summary>
            <typeparam name="TDestination">The data type of the destination.</typeparam>
            <returns>
            A new instance of <see cref="T:Ploeh.SemanticComparison.Likeness`2"/> that contains the
            source value defined in the constructor.</returns>
        </member>
        <member name="T:Ploeh.SemanticComparison.Fluent.LikenessSourceFactory">
            <summary>
            Contains extension methods for working with <see cref="T:Ploeh.SemanticComparison.Likeness`2"/>.
            </summary>
        </member>
        <member name="M:Ploeh.SemanticComparison.Fluent.LikenessSourceFactory.AsSource``1(``0)">
            <summary>
            Creates a new <see cref="T:Ploeh.SemanticComparison.Fluent.LikenessSource`1"/> from an object instance.
            </summary>
            <typeparam name="TSource">The type of the source value.</typeparam>
            <param name="value">The source value.</param>
            <returns>A new <see cref="T:Ploeh.SemanticComparison.Fluent.LikenessSource`1"/> instance.</returns>
            <remarks>
            <para>
            This method is particularly handy for anonymous types, since it can use type
            inferencing to determine <typeparamref name="TSource"/> from the value itself. This is
            essentially the only way you can create a <see cref="T:Ploeh.SemanticComparison.Likeness`2"/>
            from the public API when the source value is an instance of an anonymous type.
            </para>
            </remarks>
        </member>
        <member name="T:Ploeh.SemanticComparison.Likeness`2">
            <summary>
            Provides convention-based object equality comparison for use when comparing two
            semantically equivalent, but different, objects.
            </summary>
            <typeparam name="TSource">
            The type of the source value (against which the destination value will be compared for
            equality).
            </typeparam>
            <typeparam name="TDestination">
            The type of the destination value which will be compared for equality against the source
            value.
            </typeparam>
        </member>
        <member name="M:Ploeh.SemanticComparison.Likeness`2.#ctor(`0)">
            <summary>
            Initializes a new instance of the <see cref="T:Ploeh.SemanticComparison.Likeness`2"/> class
            with the supplied source value.
            </summary>
            <param name="value">
            The source value against which destination values will be compared when
            <see cref="M:Ploeh.SemanticComparison.Likeness`2.Equals(`1)"/> is invoked.</param>
        </member>
        <member name="M:Ploeh.SemanticComparison.Likeness`2.Equals(System.Object)">
            <summary>
            Determines whether the specified <see cref="T:System.Object"/> is semantically equal to the
            current <see cref="P:Ploeh.SemanticComparison.Likeness`2.Value"/>.
            </summary>
            <param name="obj">The object to compare against <see cref="P:Ploeh.SemanticComparison.Likeness`2.Value"/>.</param>
            <returns>
            <see langword="true"/> if <paramref name="obj"/> is semantically equal to
            <see cref="P:Ploeh.SemanticComparison.Likeness`2.Value"/>; otherwise, <see langword="false"/>.
            </returns>
        </member>
        <member name="M:Ploeh.SemanticComparison.Likeness`2.GetHashCode">
            <summary>
            Serves as a hash function for <see cref="T:Ploeh.SemanticComparison.Likeness`2"/>.
            </summary>
            <returns>
            The hash code for <see cref="P:Ploeh.SemanticComparison.Likeness`2.Value"/>, or 0 if the value is <see langword="null"/>.
            </returns>
        </member>
        <member name="M:Ploeh.SemanticComparison.Likeness`2.OmitAutoComparison">
            <summary>
            Turns off implicit default comparison of properties and fields.
            </summary>
            <returns>
            A new <see cref="T:Ploeh.SemanticComparison.Likeness`2"/> that uses only explicitly defined
            comparisons of properties and fields.
            </returns>
        </member>
        <member name="M:Ploeh.SemanticComparison.Likeness`2.ToString">
            <summary>
            Returns a <see cref="T:System.String"/> that represents the contained object.
            </summary>
            <returns>A <see cref="T:System.String"/> representation of the contained object.</returns>
        </member>
        <member name="M:Ploeh.SemanticComparison.Likeness`2.With``1(System.Linq.Expressions.Expression{System.Func{`1,``0}})">
            <summary>
            Returns a <see cref="T:Ploeh.SemanticComparison.LikenessMember`2"/> that can be used to
            define custom comparison behavior for a particular property or field.
            </summary>
            <typeparam name="TProperty">The type of the property or field.</typeparam>
            <param name="propertyPicker">
            An expresssion that identifies the property or field.
            </param>
            <returns>
            A new instance of <see cref="T:Ploeh.SemanticComparison.LikenessMember`2"/> that represents
            the property or field identified by <paramref name="propertyPicker"/>.
            </returns>
        </member>
        <member name="M:Ploeh.SemanticComparison.Likeness`2.WithDefaultEquality``1(System.Linq.Expressions.Expression{System.Func{`1,``0}})">
            <summary>
            Opt-in of default equality comparison for a specific property or field. Only relevant
            if <see cref="M:Ploeh.SemanticComparison.Likeness`2.OmitAutoComparison"/> was previously called.
            </summary>
            <typeparam name="TProperty">The type of the property or field.</typeparam>
            <param name="propertyPicker">
            An expresssion that identifies the property or field.
            </param>
            <returns>
            A new instance of <see cref="T:Ploeh.SemanticComparison.Likeness`2"/> that explicitly
            includes the member identified by <paramref name="propertyPicker"/> and uses the
            default comparison.
            </returns>
        </member>
        <member name="M:Ploeh.SemanticComparison.Likeness`2.Without``1(System.Linq.Expressions.Expression{System.Func{`1,``0}})">
            <summary>
            Returns a new <see cref="T:Ploeh.SemanticComparison.Likeness`2"/> that ignores a particular
            property when comparing values.
            </summary>
            <typeparam name="TProperty">The type of the property or field to ignore.</typeparam>
            <param name="propertyPicker">
            An expression that identifies the property or field to be ignored.
            </param>
            <returns>
            A new <see cref="T:Ploeh.SemanticComparison.Likeness`2"/> that ignores the property
            identified by <paramref name="propertyPicker"/> when determining equality.
            </returns>
        </member>
        <member name="M:Ploeh.SemanticComparison.Likeness`2.Equals(`1)">
            <summary>
            Determines whether the specified object is semantically equal to the current
            <see cref="P:Ploeh.SemanticComparison.Likeness`2.Value"/>.
            </summary>
            <param name="other">The object to compare against <see cref="P:Ploeh.SemanticComparison.Likeness`2.Value"/>.</param>
            <returns>
            <see langword="true"/> if <paramref name="other"/> is semantically equal to
            <see cref="P:Ploeh.SemanticComparison.Likeness`2.Value"/>; otherwise, <see langword="false"/>.
            </returns>
        </member>
        <member name="P:Ploeh.SemanticComparison.Likeness`2.Value">
            <summary>
            Gets the source value against which destination values will be compared when
            <see cref="M:Ploeh.SemanticComparison.Likeness`2.Equals(`1)"/> is invoked.
            </summary>
        </member>
        <member name="T:Ploeh.SemanticComparison.LikenessMember`2">
            <summary>
            Encapsulates information about a member (property or field) which is used in a
            <see cref="T:Ploeh.SemanticComparison.Likeness`2"/> comparison.
            </summary>
            <typeparam name="TSource">The type of the source value.</typeparam>
            <typeparam name="TDestination">
            The type of the destination that is evaluated against the source value.
            </typeparam>
        </member>
        <member name="M:Ploeh.SemanticComparison.LikenessMember`2.EqualsWhen(System.Func{`0,`1,System.Boolean})">
            <summary>
            Returns a new <see cref="T:Ploeh.SemanticComparison.Likeness`2"/> that includes the specified
            evaluator.
            </summary>
            <param name="evaluator">
            An expression that evaluates the source value against the destination value for the
            property or field encapsulated by the instance.</param>
            <returns>
            A new <see cref="T:Ploeh.SemanticComparison.Likeness`2"/> that includes
            <paramref name="evaluator"/>.
            </returns>
        </member>
        <member name="T:Ploeh.SemanticComparison.MemberInfoNameComparer">
            <summary>
            Compares <see cref="T:System.Reflection.MemberInfo"/> instances.
            </summary>
        </member>
        <member name="M:Ploeh.SemanticComparison.MemberInfoNameComparer.Equals(System.Reflection.MemberInfo,System.Reflection.MemberInfo)">
            <summary>
            Compares two <see cref="T:System.Reflection.MemberInfo"/> instances for equality.
            </summary>
            <param name="x">The first instance to compare.</param>
            <param name="y">The second instance to compare.</param>
            <returns>
            <see langword="true"/> if <paramref name="x"/> and <paramref name="y"/> has the same
            name; otherwise, <see langword="false"/>.
            </returns>
        </member>
        <member name="M:Ploeh.SemanticComparison.MemberInfoNameComparer.GetHashCode(System.Reflection.MemberInfo)">
            <summary>
            Returns the hash code of the <see cref="T:System.Reflection.MemberInfo"/> instance's
            <see cref="P:System.Reflection.MemberInfo.Name"/>.
            </summary>
            <param name="obj">The <see cref="T:System.Reflection.MemberInfo"/> for which to return a hash code.</param>
            <returns>
            The hash code of the <see cref="T:System.Reflection.MemberInfo"/> instance's <see cref="P:System.Reflection.MemberInfo.Name"/>.
            </returns>
        </member>
    </members>
</doc>
