<?xml version="1.0"?>
<doc>
    <assembly>
        <name>Ploeh.AutoFixture.Xunit</name>
    </assembly>
    <members>
        <member name="T:Ploeh.AutoFixture.Xunit.AutoDataAttribute">
            <summary>
            Provides auto-generated data specimens generated by AutoFixture as an extention to
            xUnit.net's Theory attribute.
            </summary>
        </member>
        <member name="M:Ploeh.AutoFixture.Xunit.AutoDataAttribute.#ctor">
            <summary>
            Initializes a new instance of the <see cref="T:Ploeh.AutoFixture.Xunit.AutoDataAttribute"/> class.
            </summary>
            <remarks>
            <para>
            This constructor overload initializes the <see cref="P:Ploeh.AutoFixture.Xunit.AutoDataAttribute.Fixture"/> to an instance of
            <see cref="P:Ploeh.AutoFixture.Xunit.AutoDataAttribute.Fixture"/>.
            </para>
            </remarks>
        </member>
        <member name="M:Ploeh.AutoFixture.Xunit.AutoDataAttribute.#ctor(System.Type)">
            <summary>
            Initializes a new instance of the <see cref="T:Ploeh.AutoFixture.Xunit.AutoDataAttribute"/> class with an
            <see cref="T:Ploeh.AutoFixture.IFixture"/> of the supplied type.
            </summary>
            <param name="fixtureType">The type of the composer.</param>
            <exception cref="T:System.ArgumentException">
            <paramref name="fixtureType"/> does not implement <see cref="T:Ploeh.AutoFixture.IFixture"/>
            or does not have a default constructor.
            </exception>
        </member>
        <member name="M:Ploeh.AutoFixture.Xunit.AutoDataAttribute.#ctor(Ploeh.AutoFixture.IFixture)">
            <summary>
            Initializes a new instance of the <see cref="T:Ploeh.AutoFixture.Xunit.AutoDataAttribute"/> class with the
            supplied <see cref="T:Ploeh.AutoFixture.IFixture"/>.
            </summary>
            <param name="fixture">The fixture.</param>
        </member>
        <member name="M:Ploeh.AutoFixture.Xunit.AutoDataAttribute.GetData(System.Reflection.MethodInfo,System.Type[])">
            <summary>
            Returns the data to be used to test the theory.
            </summary>
            <param name="methodUnderTest">The method that is being tested</param>
            <param name="parameterTypes">The types of the parameters for the test method</param>
            <returns>The theory data generated by <see cref="P:Ploeh.AutoFixture.Xunit.AutoDataAttribute.Fixture"/>.</returns>
        </member>
        <member name="P:Ploeh.AutoFixture.Xunit.AutoDataAttribute.Fixture">
            <summary>
            Gets the fixture used by <see cref="M:Ploeh.AutoFixture.Xunit.AutoDataAttribute.GetData(System.Reflection.MethodInfo,System.Type[])"/> to create specimens.
            </summary>
        </member>
        <member name="P:Ploeh.AutoFixture.Xunit.AutoDataAttribute.FixtureType">
            <summary>
            Gets the type of <see cref="P:Ploeh.AutoFixture.Xunit.AutoDataAttribute.Fixture"/>.
            </summary>
        </member>
        <member name="T:Ploeh.AutoFixture.Xunit.CustomizeAttribute">
            <summary>
            Base class for customizing parameters in methods decorated with
            <see cref="T:Ploeh.AutoFixture.Xunit.AutoDataAttribute"/>.
            </summary>
        </member>
        <member name="M:Ploeh.AutoFixture.Xunit.CustomizeAttribute.GetCustomization(System.Reflection.ParameterInfo)">
            <summary>
            Gets a customization for a parameter.
            </summary>
            <param name="parameter">The parameter for which the customization is requested.</param>
            <returns></returns>
        </member>
        <member name="T:Ploeh.AutoFixture.Xunit.FrozenAttribute">
            <summary>
            An attribute that can be applied to parameters in an <see cref="T:Ploeh.AutoFixture.Xunit.AutoDataAttribute"/>-driven
            Theory to indicate that the parameter value should be frozen so that the same instance is
            returned every time the <see cref="T:Ploeh.AutoFixture.IFixture"/> creates an instance of that type.
            </summary>
        </member>
        <member name="M:Ploeh.AutoFixture.Xunit.FrozenAttribute.GetCustomization(System.Reflection.ParameterInfo)">
            <summary>
            Gets a customization that freezes the <see cref="T:System.Type"/> of the parameter.
            </summary>
            <param name="parameter">The parameter for which the customization is requested.</param>
            <returns></returns>
        </member>
    </members>
</doc>
