﻿<?xml version="1.0" encoding="utf-8" ?>
<objects xmlns="http://www.springframework.net"
         default-autowire="constructor">
  <object type="HomeController" singleton="false" />
  <object type="BasketController" singleton="false" />
  <object type="AccountController" singleton="false" />

  <object type="BasketService" singleton="false" />
  <object type="RepositoryBasketDiscountPolicy" singleton="false" />

  <object type="VariablePlaceholderConfigurer">
    <property name="VariableSources">
      <list>
        <object type="ConnectionStringsVariableSource" />
      </list>
    </property>
  </object>

  <object type="SqlProductRepository" singleton="false">
    <constructor-arg>
      <value>${CommerceObjectContext.connectionString}</value>
    </constructor-arg>
  </object>
  <object type="SqlBasketRepository" singleton="false">
    <constructor-arg>
      <value>${CommerceObjectContext.connectionString}</value>
    </constructor-arg>
  </object>
  <object type="SqlDiscountRepository" singleton="false">
    <constructor-arg>
      <value>${CommerceObjectContext.connectionString}</value>
    </constructor-arg>
  </object>
  <object type="SqlCurrencyProvider" singleton="false">
    <constructor-arg>
      <value>${CommerceObjectContext.connectionString}</value>
    </constructor-arg>
  </object>
</objects>